Metric Type,Metric,Improved Attention,Multi-Output,Better Model,Improvement %
Overall,MSE,0.11503301622350871,0.030361182150947612,Multi-Output,-278.8818750587364
Overall,MAPE,0.4870683312711043,28.64704407540492,Improved Attention,98.29976059662896
Overall,R2,0.9994537406934078,0.9712227955960449,Improved Attention,2.906742430817577
Temperature,MSE,0.23005412022505992,0.039742365146884076,Multi-Output,-478.86368708757345
Temperature,MAPE,0.6911127447427173,33.08491469243868,Improved Attention,97.9110940706138
Temperature,R2,0.967042729414057,0.9575526522883484,Improved Attention,0.9910762716837886
Efficiency,MSE,1.1912221957511148e-05,0.02097999915501115,Improved Attention,99.94322105606632
Efficiency,MAPE,0.28302391779949126,24.209173458371154,Improved Attention,98.83092283887278
Efficiency,R2,0.9843511164107634,0.9821098358806813,Improved Attention,0.228210781340184
